
{
    "region" : "us-west-1",
    "configuration" : "Debug",
    "framework"     : "net5.0",
    "self-contained" : false,
    "application"    : "Loopr",
    "environment"    : "Loopr",
    "enable-xray"    : false,
    "enhanced-health-type" : "basic",
    "additional-options"   : "\"aws:autoscaling:launchconfiguration,SecurityGroups\"=\"sg-06ba19edfd4cbc9e2\";\"aws:ec2:vpc,Subnets\"=\"subnet-06624372eefb992b6\"",
    "solution-stack"       : "64bit Amazon Linux 2 v2.2.7 running .NET Core",
    "environment-type"     : "SingleInstance",
    "cname"                : "loopr",
    "instance-type"        : "t2.micro",
    "key-pair"             : "loopr",
    "instance-profile"     : "aws-elasticbeanstalk-ec2-role",
    "service-role"         : "aws-elasticbeanstalk-service-role",
    "proxy-server"         : "nginx"
}